Customer_ID,Name,Age,Operator_Experience,Multi-Policy,Years_Insured,Income_Band
ZBSHFLYC,Michael Lopez,60,Yes,No,1,Medium
LMMRNXKX,David Garcia,54,No,No,7,Low
WDYBVCXU,Sarah Lopez,46,Yes,No,0,High
VRXWJVOV,James Johnson,67,Yes,Yes,10,Medium
YETKWWIO,David Williams,62,Yes,No,3,High
IXMWPPMN,Daniel Davis,70,Yes,No,0,Low
CSWAXQJA,Sophia Miller,60,Yes,Yes,1,Low
QQQBCANP,Sarah Miller,65,Yes,Yes,0,Low
LUGHJWTK,Daniel Smith,62,Yes,No,3,High
IHCZVGBF,Michael Davis,62,Yes,No,2,High
YREIEORR,Daniel Miller,57,Yes,No,3,High
NPHSTTBA,Michael Lopez,67,Yes,No,6,High
SCTVHJNW,Laura Jones,54,Yes,No,3,Medium
UMFYSXKM,Sarah Lopez,58,Yes,No,5,Medium
CSYHYQCB,Daniel Jones,57,Yes,No,10,Medium
UOWMYXCG,Sarah Williams,65,Yes,No,6,High
GRLTICZQ,Laura Lopez,70,Yes,Yes,1,Low
XYLNXOKQ,David Williams,50,Yes,Yes,3,Medium
JBURMMKY,Emma Johnson,67,Yes,Yes,0,High
XOVAHNAN,John Jones,43,Yes,Yes,10,High
HTVYMGTS,Sarah Brown,54,Yes,No,2,Medium
EELJXHIN,John Wilson,50,Yes,Yes,4,High
KUYATOVP,James Jones,42,No,Yes,5,Medium
ICREYHTU,Emma Smith,54,No,Yes,0,Medium
KHKTWAEH,Michael Garcia,50,Yes,No,0,High
STSTDONP,Sophia Smith,37,No,No,0,High
DYYBKZSQ,Laura Miller,46,Yes,No,10,High
LKKSRBXL,Emily Davis,30,Yes,No,5,Medium
RIHABNDK,Daniel Johnson,52,Yes,No,4,Medium
IOBESHYY,Sarah Brown,59,Yes,No,5,High
XMQDRPQG,Sarah Brown,53,No,No,2,Low
UBNDLMZT,Daniel Davis,52,No,No,2,Medium
JAOCBKCX,Sarah Wilson,59,Yes,No,5,High
IJTYKLYH,Emily Wilson,39,Yes,Yes,4,Low
HPZPXRQK,David Jones,44,Yes,No,3,Medium
EHHYFMIF,Daniel Johnson,52,Yes,No,0,High
AKLSTPCD,David Garcia,48,Yes,No,3,Low
CGFYZLGF,David Williams,58,Yes,Yes,1,Low
PLIZQWGX,Michael Garcia,57,Yes,No,3,Low
KRJPLSVB,Sarah Lopez,40,Yes,No,1,High
DTTXYXAP,John Jones,36,Yes,No,0,Medium
DMRECMIS,Emma Lopez,67,Yes,No,2,Medium
BRDWEGWT,Emma Smith,53,Yes,No,1,Low
RBBLWWHJ,Emma Williams,33,Yes,No,4,High
MBYNVYUM,Daniel Williams,61,No,Yes,4,Low
CESTMYMR,Sarah Lopez,34,Yes,Yes,2,High
LXSAYIZS,John Miller,31,Yes,Yes,0,Medium
YPTYGHXI,James Lopez,58,Yes,No,2,High
TGOSVFLM,John Brown,70,No,Yes,2,Medium
AAKBZJQN,Laura Smith,69,Yes,No,2,High
PTZTZBOC,Daniel Johnson,38,Yes,No,0,High
JRTAARNG,David Jones,64,Yes,No,2,High
SCBLAQZV,Michael Johnson,45,Yes,Yes,0,High
QZGSHBQL,Emma Davis,33,Yes,No,2,High
JKZROCDQ,John Davis,51,Yes,No,8,Medium
PGXSVWDS,Emily Williams,67,Yes,Yes,4,Medium
FGZIUHKP,Emma Brown,69,Yes,No,2,Low
ALVUHKNC,Laura Garcia,67,Yes,No,1,Low
ZZCUYXES,Sophia Williams,50,Yes,No,2,Low
YKJJLTCZ,Emily Wilson,47,Yes,Yes,1,Low
RXVRIOFH,Daniel Wilson,55,Yes,Yes,3,Low
IJDLDTKI,Emily Wilson,52,Yes,No,5,High
WYBJLCAK,Laura Williams,50,Yes,No,4,Medium
UHWTFCBJ,Michael Johnson,56,Yes,No,5,Medium
AENJNBFA,Sarah Smith,68,Yes,No,5,Medium
XGHNQKBT,Sarah Miller,51,Yes,No,6,Low
WKUKODCS,Sophia Wilson,56,Yes,No,0,Medium
YRLZJJQU,James Smith,58,Yes,No,3,Low
ADOPJWNG,Sophia Brown,69,Yes,No,1,Medium
FRKDIPIC,David Davis,57,Yes,No,1,High
ZSJKIBXC,John Miller,67,Yes,No,2,Medium
CXFHPWZF,Sophia Johnson,38,No,No,4,Medium
KJZNKLBS,John Miller,51,No,No,1,Medium
JTHDYEPG,Sophia Williams,68,Yes,No,0,Medium
OUTEQKZU,John Miller,42,No,No,3,Low
CVYQNHPO,Daniel Wilson,52,Yes,Yes,7,Low
QKZTQMFV,Sophia Miller,57,Yes,Yes,0,Medium
VIRYTXPZ,John Smith,43,No,No,1,Low
SYKHZJZC,John Smith,50,Yes,No,3,High
NXXVNNPR,David Jones,51,Yes,Yes,2,Low
YVTJDYGY,Sarah Miller,44,Yes,No,10,High
YSCLGGKY,Emily Lopez,61,No,No,7,High
CAGDEZDV,David Williams,52,Yes,No,3,High
NWNGYRMP,Laura Wilson,70,Yes,No,0,Medium
SNOXMGSU,Daniel Johnson,61,Yes,Yes,5,Medium
KMQEXMSK,Daniel Johnson,61,Yes,No,6,High
QTWZGOVN,Emma Wilson,50,No,No,2,High
NIGPZCNL,Emily Wilson,32,Yes,No,8,Medium
OHAEDYIC,Sarah Davis,60,No,No,2,High
CSFCWCBP,Emma Brown,52,No,No,3,High
GYBBZTTQ,David Wilson,31,Yes,No,1,Low
PLGRVWKJ,David Williams,69,Yes,No,0,Low
DFACHBMD,Emily Brown,63,No,No,1,High
FKYQKWWQ,Sophia Wilson,62,Yes,No,0,Medium
ZOVEKVNG,Laura Davis,51,No,No,3,Medium
EPXBEOPK,Michael Jones,36,Yes,Yes,2,High
JLQCHGKO,Laura Miller,66,Yes,Yes,1,Medium
BGQMRJJP,Michael Johnson,66,Yes,No,10,Low
WJAMXWAL,Daniel Miller,56,Yes,No,0,High
ZZQUENLC,Laura Johnson,46,Yes,Yes,6,Low
NUENIJII,Michael Jones,70,No,No,8,High
PWVKBQBC,Michael Williams,37,Yes,Yes,3,Medium
FHTPRHTS,Emma Smith,39,Yes,No,3,Medium
NENBWLGV,Sophia Miller,65,No,Yes,1,High
BQVEOHDA,Sophia Brown,68,Yes,No,2,High
CRUCCKMV,Emma Lopez,53,Yes,No,3,Low
MSJYSXFF,Emily Wilson,64,Yes,No,0,High
BIWEWNGT,Laura Jones,65,Yes,Yes,7,Medium
JNVDRSXD,James Davis,59,Yes,Yes,2,High
GAOVPOPN,James Wilson,62,Yes,No,3,Low
UPYBRPCA,Emily Johnson,63,Yes,No,5,Low
YHOIDUVT,Sarah Miller,55,Yes,Yes,1,Medium
GHWFLCWV,David Davis,39,Yes,No,8,Low
KKPZORXD,David Lopez,37,Yes,No,2,Low
SGMPPQXV,Sophia Lopez,46,Yes,No,9,Medium
OOTEGZEJ,John Wilson,60,Yes,No,3,Low
FYDZVQDQ,John Wilson,54,Yes,No,7,Medium
LTFSDAIR,Sophia Smith,47,Yes,Yes,3,High
RXOAKPNC,Daniel Lopez,69,Yes,No,0,High
LOBULZNZ,James Williams,30,Yes,No,2,Low
WOHWBLAI,Daniel Johnson,59,Yes,Yes,2,Medium
ERYSIGOV,Emma Lopez,69,Yes,No,3,High
IQQVYFER,Sarah Smith,57,Yes,No,1,High
PKLJGEKM,Laura Lopez,66,Yes,No,0,High
YHXLABAS,Michael Williams,50,Yes,No,3,High
PGTCNZJM,Emma Lopez,59,Yes,No,2,Low
YAKFWMIP,Laura Davis,66,Yes,No,3,Low
FARNKABK,Laura Miller,51,Yes,No,5,High
GTBFJYCH,James Smith,62,Yes,No,4,Low
GPNDSHIR,James Smith,42,Yes,Yes,7,Low
TCLDNCZX,Sarah Brown,53,Yes,No,2,Medium
QLVDMVMY,Emma Smith,54,Yes,No,0,Low
WVCQHEYW,David Davis,57,Yes,No,5,Medium
VLSERGWY,Michael Garcia,61,Yes,No,1,High
VKHSPKRX,John Wilson,38,Yes,Yes,0,High
HXBRLYWM,James Johnson,34,Yes,Yes,4,Low
UDQARWEC,Emma Jones,58,Yes,No,3,Low
ARNYOUDB,Emily Jones,63,No,Yes,1,High
ZNXPHSHQ,John Davis,51,Yes,Yes,1,Low
IPVCWTOU,David Smith,66,Yes,No,6,Medium
EUQEXQUP,Daniel Garcia,69,Yes,No,2,Low
QMSENOIX,Laura Davis,46,Yes,No,2,High
TVCMUCCR,Sophia Miller,49,Yes,No,5,Low
IQTVZUZS,Emma Brown,64,Yes,No,10,High
OQNCVTDW,Emma Garcia,65,Yes,Yes,2,Low
VNBTFWAG,Laura Wilson,48,No,No,3,Low
QTXUVPNU,Michael Garcia,60,Yes,Yes,9,Medium
XRWVPKXR,Emily Garcia,55,Yes,Yes,0,Low
SYEIIGEP,David Miller,36,No,No,2,Low
LKRACTAF,Emma Brown,32,Yes,No,3,High
RIANSESU,Emma Jones,52,Yes,Yes,3,Low
LUVBFUZD,James Williams,40,Yes,Yes,1,High
HBJBNMJX,Emma Brown,69,Yes,No,6,Low
YTKOPVWN,James Jones,51,Yes,No,0,Low
POPSGXOO,Emma Lopez,40,No,No,3,Medium
ITEDHAGV,David Brown,64,No,No,0,Medium
XBRNHDJZ,Emily Miller,49,Yes,No,3,Medium
WESETNYI,Daniel Lopez,54,Yes,No,7,Medium
WSWAHGXK,John Johnson,60,Yes,Yes,1,High
BVGXZKCJ,John Smith,60,Yes,No,2,Medium
EEWRINNS,James Lopez,43,No,No,0,Medium
LRNFKJHF,David Smith,44,Yes,No,0,Medium
GPQFJQOQ,Daniel Garcia,58,Yes,No,1,Low
PQBZJDTS,Daniel Garcia,35,No,No,0,Low
XQDCOXLU,John Williams,70,Yes,No,5,High
GZKEYHRD,Emma Davis,62,Yes,No,8,High
NWKIFJHV,Emma Johnson,70,Yes,No,0,High
XVIMKSEF,John Miller,51,Yes,Yes,2,Low
HZMLHSKN,David Lopez,57,Yes,No,4,High
WTGNARZI,Michael Brown,52,No,No,2,High
KBAAAZCO,Daniel Smith,69,Yes,No,5,Medium
EHALCYHN,Sarah Wilson,58,Yes,No,5,Medium
JBKOFYEM,James Williams,52,Yes,No,5,Medium
QLCQMTTC,Sarah Lopez,70,Yes,Yes,3,Low
LUTQXFTU,David Garcia,64,Yes,Yes,2,Medium
TIBRNUUA,Daniel Garcia,55,No,No,2,Low
QHHMOLOV,Sarah Miller,67,Yes,No,1,Low
CISTCNEO,Emma Brown,31,No,No,10,Medium
DTKEROLF,James Johnson,62,Yes,No,8,Medium
IPYPMABS,Emma Johnson,54,Yes,No,6,High
GVNBESXF,Michael Garcia,34,Yes,Yes,3,Medium
CLKCECNB,Michael Wilson,66,Yes,No,4,Medium
OLJCWYME,David Garcia,35,Yes,No,3,Medium
RTIXMSZJ,Sophia Brown,47,Yes,No,8,Medium
OWPTNNTH,Laura Lopez,47,Yes,No,3,High
AISBHGFK,David Brown,53,Yes,Yes,2,Low
IVYRTJFB,Sarah Smith,36,Yes,No,1,Low
VCZRCBZT,Michael Wilson,68,Yes,No,1,High
SQQUVXAC,Michael Davis,62,Yes,No,1,High
VCINILBZ,Sophia Smith,63,No,No,0,Medium
IIRRAMVF,Sophia Smith,50,Yes,No,3,High
JKJNMXVR,John Smith,57,Yes,No,3,Low
NDBIGWMJ,John Williams,57,Yes,No,1,Medium
ZBZCARSZ,John Miller,51,Yes,Yes,1,High
ROTPFPMK,David Miller,57,Yes,No,0,High
JICBPBSK,Laura Davis,59,Yes,No,3,Low
MJUXLHRM,Sophia Davis,56,Yes,No,4,Medium
CYKUFLNE,Sarah Williams,54,Yes,No,2,Medium
EABHWVQY,Emily Johnson,55,Yes,No,3,High
LAWZTKZI,Sarah Brown,50,Yes,Yes,1,Low
XKEJOLZA,James Miller,63,No,No,2,Low
ISWMVHOJ,Emma Davis,64,Yes,No,5,Low
WKHUBSDC,Daniel Wilson,37,No,No,0,Medium
XEQKTWDA,John Brown,44,Yes,No,9,Medium
FAFFLPIW,Emily Jones,64,Yes,No,3,Medium
PKMYZQHZ,David Brown,56,Yes,Yes,1,High
OBJZEOXO,Daniel Brown,62,No,No,0,Medium
IJPTKVBB,Sophia Johnson,64,No,No,2,High
CQDRAMXN,Laura Lopez,56,Yes,No,6,Medium
QQUKZEWE,Sophia Smith,36,No,No,1,Low
GRRHMUXP,David Lopez,43,Yes,No,0,High
RLSYUWJX,Daniel Jones,35,No,No,2,High
HHIZZHHG,David Lopez,70,Yes,No,7,Low
ICWEDHQU,David Lopez,37,No,Yes,0,Low
XOSYWCPQ,Laura Smith,35,Yes,No,2,Medium
YKHTYFWG,Emily Jones,52,Yes,No,1,Low
NLVQMSUH,David Smith,47,No,No,2,High
QRRUVBDZ,Michael Davis,50,Yes,Yes,2,Low
BUPMAYLE,Daniel Brown,33,Yes,Yes,3,Medium
NQDIFNWJ,James Lopez,43,No,No,0,Low
WUJSYHBP,Laura Miller,44,Yes,No,0,Medium
TPZLIZQF,Michael Miller,56,Yes,Yes,0,High
DGVIKWDH,James Johnson,67,No,Yes,2,Low
CZINKCEJ,Michael Johnson,64,Yes,No,2,Low
JKMMIJFT,Sophia Davis,56,No,No,0,High
YGQPOEJG,David Garcia,60,Yes,Yes,2,Medium
DVKTOVZY,Sarah Davis,67,Yes,Yes,1,Low
JCOBRCDO,James Miller,68,No,Yes,2,Low
IAMMONWE,John Miller,33,Yes,No,1,Low
ZWRAJSYF,Michael Williams,53,Yes,Yes,5,Low
WQBROTJC,James Garcia,44,Yes,No,3,Medium
LCNGVUFT,Emily Davis,42,Yes,Yes,8,Low
QVDTZLEB,Emma Garcia,43,Yes,Yes,3,High
CTXUXGVW,Emma Smith,56,Yes,No,6,Low
OAWGBFTY,Sarah Davis,68,No,No,1,High
HTSHLEJG,David Davis,52,Yes,No,3,High
FGRFBMLJ,Emily Jones,61,No,No,9,Medium
YFLIRNVG,John Miller,70,No,No,2,High
DAAFOLCK,Laura Lopez,63,Yes,No,3,Low
OQXFSTIG,Sophia Garcia,55,Yes,No,1,Medium
GBHQJGNJ,Emma Smith,59,Yes,Yes,1,Medium
WCPZMTLK,Sophia Garcia,42,Yes,Yes,2,High
GYKWWTEH,John Johnson,56,Yes,No,0,High
SESSRGCO,Sophia Lopez,60,Yes,Yes,5,High
PTITRCIM,David Johnson,41,Yes,No,3,Low
RUWWJWIQ,Sophia Miller,53,Yes,No,0,High
UZDVDEDS,Emily Brown,68,Yes,No,5,Medium
FXREXHRI,Daniel Jones,51,Yes,No,0,Low
OJRMFQUA,Sarah Smith,47,Yes,No,3,Medium
YAZGLCGJ,Emily Brown,32,No,No,2,Medium
JPQYMNXJ,Sarah Smith,57,Yes,No,3,High
YYHXJWUG,Michael Williams,42,Yes,No,3,Medium
AZDTQCNB,Michael Davis,58,Yes,No,5,Low
ZXRFCWGL,Michael Lopez,65,No,No,5,Low
QOOHRRHU,David Smith,61,Yes,Yes,4,High
XQRTOGRC,Emily Johnson,31,Yes,No,8,High
VQNQXUOG,Sophia Williams,32,Yes,No,3,High
VATZKKQF,James Smith,51,Yes,Yes,2,Low
DWDHPQXB,Emily Miller,55,Yes,No,0,High
HHIKNDSX,Michael Brown,35,Yes,No,0,High
PBBXEZJG,Sophia Johnson,47,Yes,No,4,Low
PMPRLSFF,David Davis,70,No,No,1,High
ZOIGEIEI,David Wilson,70,Yes,No,1,Medium
PQKGTITB,James Lopez,65,Yes,No,0,High
YYTWYXHC,John Miller,69,Yes,No,10,Low
LUJJDZWL,David Garcia,52,Yes,No,8,Medium
UJQGNXVQ,Daniel Lopez,44,Yes,No,0,Low
DAFAZIZG,Laura Wilson,42,Yes,No,3,Medium
XEWXTFIK,Sophia Miller,37,Yes,No,3,Medium
WESEHWFB,David Garcia,59,Yes,No,9,Medium
YLRDJBAM,Michael Williams,54,Yes,Yes,3,Low
RZKVCWGD,Michael Davis,54,No,No,2,Medium
QXVDKEVZ,Emily Garcia,59,Yes,No,0,Low
XHJJEQMD,Sophia Miller,57,Yes,No,0,High
WJTQBEBX,James Miller,54,Yes,No,0,Medium
BLMYICFO,James Wilson,68,Yes,Yes,1,High
CYCGBBZP,Daniel Brown,56,Yes,No,1,Low
OQHAEPGK,Laura Garcia,67,Yes,Yes,1,Low
XUOERAIU,John Garcia,30,Yes,Yes,3,Low
YBEQFSVF,Michael Williams,68,Yes,No,7,High
RZKVJAMU,Laura Lopez,60,Yes,Yes,0,Low
FTXHFRQA,Emily Miller,57,No,No,1,Medium
HRXUQOSB,Emma Brown,69,No,Yes,7,High
XDADMOFQ,Michael Williams,43,Yes,No,3,High
BIJPJBKT,Emma Brown,32,Yes,No,1,Medium
LEQXTJCS,Michael Garcia,50,Yes,No,5,High
QPZAWSMW,Sarah Miller,59,Yes,Yes,3,High
SMBQAMIF,Michael Johnson,54,No,No,3,High
SHDBXMET,Daniel Davis,33,Yes,No,3,Medium
KJRLBAET,Sarah Garcia,55,Yes,No,8,High
CLLXEAVW,Sophia Miller,38,No,No,3,High
FMQYMPYM,Sophia Williams,66,No,No,1,High
RDRXNRRM,James Garcia,48,No,No,3,Medium
NVSLDIEV,David Smith,39,Yes,No,0,High
NYUKTQMF,Sophia Brown,49,Yes,No,0,High
TOOTDRYV,Emma Brown,42,No,Yes,4,Low
EBQAYHCQ,David Lopez,70,Yes,No,3,High
SEXSRYRO,Emily Lopez,39,Yes,No,1,Medium
DMQFOIHJ,James Smith,61,Yes,No,4,Low
WMSHFQQR,Daniel Davis,66,Yes,No,3,Medium
CUDNVYME,Sarah Garcia,50,Yes,No,0,Medium
UBZHLCZZ,James Jones,48,Yes,No,3,High
HXZGUAUF,James Garcia,31,Yes,No,1,High
TOCNMJVQ,David Jones,68,Yes,No,4,Medium
ASGLAVWT,David Williams,50,Yes,No,0,Medium
GJWUSWNB,Sophia Wilson,53,Yes,Yes,0,Low
VDEFWTSZ,David Davis,38,Yes,Yes,2,Low
ITXPZGZK,Daniel Smith,67,Yes,Yes,4,Low
HUKGPPYR,Daniel Smith,64,No,No,1,Low
JYBBSGDZ,Daniel Garcia,53,Yes,No,1,Medium
IGNLAZPB,Sophia Wilson,61,Yes,No,1,Medium
OKWGRPPX,Daniel Davis,66,Yes,Yes,1,High
OSQONYFO,Sophia Johnson,55,Yes,No,3,Low
OLTSTOGW,Emma Jones,40,Yes,Yes,4,Medium
JJXBVWVL,James Davis,63,Yes,Yes,0,Medium
OKJQWYNS,Emma Smith,55,Yes,No,3,Medium
JVBOAOAH,Michael Wilson,68,No,No,4,Low
IIWLIOGW,Emily Wilson,56,No,No,5,Low
BDODLROX,David Lopez,69,Yes,No,3,Low
CVLJEFZT,Daniel Davis,54,Yes,No,0,Medium
QQXAAPHO,Emma Wilson,62,Yes,Yes,10,High
JQTWAYTE,Emily Garcia,57,Yes,No,3,Medium
CADDLRLQ,Sophia Miller,67,Yes,No,1,Low
NGERGNOF,Emma Johnson,49,Yes,Yes,2,High
TSAAOUET,Sarah Lopez,68,Yes,Yes,3,Low
SNLKYWWY,David Davis,31,Yes,Yes,10,Low
XQDVDCUZ,Michael Smith,30,Yes,No,3,Medium
TRBKGNPM,Emma Davis,67,Yes,No,2,High
OSLSIMZC,David Johnson,48,Yes,No,0,High
JAAXNVKU,Michael Lopez,68,Yes,No,0,High
XYLVSDJB,Emma Brown,40,Yes,No,1,Low
NBWFCNAK,Laura Brown,31,Yes,No,0,Low
QDVQIMIG,David Miller,64,Yes,No,0,Medium
SVZOMHFV,Sarah Jones,33,Yes,No,3,Medium
DDGBEVZU,Emma Williams,41,Yes,Yes,0,Low
ETPDXPVT,David Miller,68,Yes,No,0,Medium
AIPERUCA,Laura Davis,33,Yes,No,3,Low
MOIFJQFW,Michael Brown,34,Yes,No,2,Medium
CSYATPSI,Daniel Miller,42,Yes,No,10,Medium
WPEZOFZI,Laura Williams,58,Yes,No,2,High
GEGYNSJO,Emily Garcia,56,Yes,No,2,Medium
ECWRJRKM,Sarah Jones,46,Yes,No,2,Low
XCAAXAPX,Daniel Brown,64,Yes,Yes,3,Low
AHOCHBZJ,David Miller,66,Yes,Yes,8,Low
EZQBJAZH,Sarah Williams,48,Yes,No,1,Medium
KMBPEEUR,Michael Wilson,53,Yes,No,5,Medium
ZWJUSQEG,Emily Jones,67,Yes,No,3,Medium
VOIVYTWZ,David Brown,68,Yes,No,1,High
WWBIJAUX,Daniel Lopez,55,No,No,2,High
AKIGQWVY,James Williams,48,Yes,No,3,Medium
MXDSQQUT,Laura Jones,61,Yes,Yes,8,Medium
AJFEPHDN,Sophia Jones,56,Yes,No,0,Low
IHVASSZC,Sophia Lopez,52,Yes,Yes,4,High
FCYSBHLF,David Garcia,68,Yes,No,1,High
GOARJECX,James Smith,36,Yes,No,1,Medium
KGFJYCSZ,Daniel Davis,37,Yes,Yes,4,Medium
TIDUFPJR,Michael Brown,35,Yes,No,2,Medium
TFYFPWVT,Sarah Wilson,45,Yes,No,1,Low
MAVLGNQX,Daniel Lopez,63,No,No,2,Low
LRTGLELV,Emma Miller,52,Yes,Yes,0,Medium
MOEGETZA,Emily Wilson,53,Yes,No,5,High
LYQFFBDO,Sophia Smith,63,Yes,No,0,High
EXKBLIQO,David Lopez,52,No,No,1,Medium
EIYRZXME,Sophia Garcia,67,Yes,No,1,Medium
EQFXCGVX,Emily Wilson,32,No,Yes,2,Medium
KJWZAZBY,Emily Williams,40,Yes,No,5,High
WGSGLVTZ,Michael Johnson,38,Yes,No,3,Low
YEKTSLJF,James Lopez,62,Yes,Yes,0,High
SDGWJACE,Sarah Jones,69,No,No,0,Medium
EPONYGZL,Sophia Miller,43,Yes,No,4,Low
EXLIQROH,John Brown,69,Yes,No,0,Medium
CKVAETSR,John Brown,30,Yes,No,4,Low
HCDQKOAL,James Miller,35,Yes,No,3,High
DROXQSIN,Emma Williams,67,Yes,Yes,2,High
TSNCUPEF,David Smith,65,Yes,No,1,High
IYRBQVLM,James Miller,59,Yes,No,7,Medium
SBNUFRUD,Michael Brown,61,Yes,No,0,High
SDPSEQTN,Sarah Miller,64,Yes,No,1,Medium
DSPMINWD,Emily Williams,51,Yes,No,2,High
PKTIPUBB,Daniel Brown,45,Yes,No,3,Medium
CHVKUOSY,Sarah Williams,70,Yes,Yes,2,Medium
MZHZQJQQ,Laura Wilson,45,No,Yes,3,Low
PTEHOHKI,Emily Wilson,33,Yes,No,3,Low
GEBPDIPD,John Jones,57,Yes,Yes,0,High
LJWRVURV,John Smith,39,Yes,No,10,Low
OCHOEHGV,Daniel Brown,53,Yes,No,3,High
MLPPYLFL,Daniel Smith,60,Yes,No,3,High
ANFMZZIS,Sarah Wilson,63,Yes,No,0,Low
YVHEKOEW,James Lopez,62,No,No,6,Low
ITEAWAIK,Michael Garcia,66,Yes,Yes,3,High
YUQVRDGG,Emily Miller,55,Yes,No,1,Medium
ILZVIBMX,Sophia Davis,53,No,No,1,Medium
MCTJJIEJ,Sophia Williams,51,Yes,Yes,0,Medium
ZFBDPQNW,Sophia Lopez,37,Yes,No,3,High
LDQNSQEP,David Lopez,31,No,No,4,High
YDWKYYKR,Michael Miller,32,Yes,No,1,High
FLDZQDOC,Laura Johnson,51,Yes,No,2,Low
NXZPGXHP,Sophia Lopez,42,Yes,No,1,High
EAAFYZIG,Sophia Williams,59,Yes,Yes,5,High
IYKHYCLX,Laura Garcia,68,Yes,Yes,0,High
IEJTHVGV,David Davis,43,No,No,2,Medium
VZUKHZIC,David Miller,45,Yes,No,1,High
QCNSUSKB,Emily Miller,51,No,No,5,Low
GGYIJNEZ,Laura Davis,31,No,No,0,Medium
JYZWVBRH,James Wilson,58,Yes,No,0,Medium
LVEYXHOB,Emma Wilson,58,Yes,Yes,2,High
STOHJOBM,Sarah Brown,54,Yes,No,1,High
KJOXLRKG,Michael Lopez,52,Yes,Yes,3,Low
XIFJIQNG,Sophia Garcia,54,Yes,Yes,8,Low
RFLJOVNN,John Johnson,53,Yes,Yes,10,Medium
HQXHYZLV,Emma Lopez,66,Yes,No,3,Low
TYAJNUDF,David Jones,66,Yes,No,1,High
JDNIABVC,Daniel Williams,52,Yes,Yes,2,Low
DAVSGWYK,David Brown,66,Yes,No,3,Medium
EBAITINM,John Johnson,54,Yes,No,2,Low
EIDUSOID,Emily Williams,58,Yes,Yes,1,High
WZKISPXX,Emily Garcia,50,No,Yes,8,Medium
YMNMAMXD,Michael Lopez,69,Yes,Yes,3,Medium
KOHNAQSO,John Brown,45,No,No,2,Low
YPBTBGUR,James Lopez,61,Yes,No,4,High
IHHFTZHL,John Miller,34,Yes,No,0,Medium
DISPCYQX,James Brown,54,Yes,No,4,Low
NLGIJMUC,John Miller,66,No,No,1,Medium
VZGZVRMY,Sarah Brown,70,Yes,No,4,Medium
LNWHJJCW,Laura Lopez,56,No,No,3,High
JBSDFTEU,Emma Wilson,61,Yes,No,2,Medium
PJEQGDFC,James Davis,45,Yes,No,1,High
ZQHCCGPH,John Garcia,34,Yes,No,1,Low
KFZVIHPO,Emma Miller,53,Yes,Yes,1,High
NFRKQSZY,Michael Jones,60,Yes,No,1,High
GDYJCEEF,James Miller,56,Yes,No,5,Medium
QKYXXTCA,Sophia Miller,58,Yes,Yes,0,Medium
UIHDNIBJ,Laura Brown,68,Yes,No,1,Low
BWSEWNVO,John Brown,50,Yes,No,5,Medium
WWDOFHFA,James Williams,46,Yes,No,5,Low
RYFTEBGI,Emily Lopez,60,Yes,No,1,Medium
QRGRPVKS,Michael Williams,67,Yes,No,1,Medium
KSXBEHGD,Emily Wilson,35,Yes,Yes,3,High
MCWGPFWS,Sarah Johnson,50,Yes,No,6,High
BRXHHPPC,James Garcia,44,Yes,No,2,High
SBNRTGBM,Michael Garcia,31,Yes,No,3,Low
DHQECJRR,David Miller,63,Yes,No,2,Medium
XBCTAWBU,Daniel Garcia,70,Yes,Yes,5,Medium
EYRQLUTM,Emily Williams,57,Yes,Yes,5,Low
FOSOHZPH,John Johnson,64,Yes,No,2,High
ONUBRECU,David Garcia,52,Yes,No,3,Medium
FCRESDXO,David Smith,57,Yes,Yes,5,Low
QIDOXAMI,Sarah Lopez,49,Yes,Yes,6,Medium
LWPHDXTV,Michael Brown,39,No,No,1,High
TKRICTRE,John Lopez,64,Yes,No,2,High
PRJBOJUR,James Wilson,32,Yes,Yes,0,High
GNGTSMJF,Sophia Garcia,32,Yes,No,5,Low
OFSMBAPQ,Sophia Jones,68,Yes,No,0,Medium
CQWVMEVZ,James Davis,67,Yes,No,2,Low
